Country Name,Country Code,2010,2011,2012,2013,2014,2015,2016,MeanPIBs
Monde                                         ,WLD,65954609386360.8,73280409172752,74890505221130.1,76993005712049.1,79090920159063.1,74781876418353.7,75871741684505.4,74409009679173.5
Revenu élevé                                  ,HIC,45206874004270.8,48779729165555.1,48815115035416.8,49345569978523.8,50402219381441.3,47600683351151.3,48580898467769.5,48390155626304.1
Pays membres de l'OCDE                        ,OED,44606302354617,47923423549077,47828571256989.7,48405212294686.8,49412694349401.2,46678408030419.9,47571945698921.7,47489508219159
de Post-dividende démographique               ,PST,42413555466432,45525572705267.1,45453812012807.3,45848574370221.7,46777587763485.8,44262154239570.4,45232914472513.5,45073453004328.3
BIRD et IDA                                   ,IBT,21425535721688.4,25268429925490.9,26831457352910.6,28443604978216.4,29484933325853,27878413214157.4,27976204173099,26758368384488
Revenu faible et intermédiaire                ,LMY,20751265552013.6,24508914625396.4,26088297032565.9,27664345146610.6,28707229775177,27199893495022.3,27302774632436,26031817179888.8
Revenu intermédiaire                          ,MIC,20458626620794,24178931124382.2,25733319494137.4,27278174317745.1,28292771914636.5,26796050787924.2,26896968290162,25662120364254.5
BIRD seulement                                ,IBD,19973945540448.7,23619352272048.5,25054597172918.9,26510181016987.1,27396611247619.6,25854305463828.1,25981476556760.5,24912924181515.9
Europe et Asie centrale                       ,ECS,20924746938833.9,23182685731082.8,22340772925087.8,23349111977726.9,23654711849397.5,20365398956498,20278082039222.3,22013644345407
Asie de l’Est et Pacifique                    ,EAS,16938756587419.1,19639161373786.6,21019132105911.6,21262545234002.7,21901716692930.9,21778819690103.4,22489968123893.1,20718585686863.9
"Revenu intermédiaire, tranche supérieure      ",UMC,15792230570440.2,18897054524211,20194427120059.1,21498865852640,22212201918323.9,20772440074303.6,20623856301266.3,19998725194463.4
Amérique du Nord                              ,NAC,16583580836811.1,17312124677047.8,17985081294447.6,18539718715830.2,19232659728993,19686255793552.8,20166305457752,18500818072062.1
de dividende tardif démographique             ,LTE,13513801290291.8,16480103851508.6,17632223620595.4,19013639169998.3,19698706986160.5,18459708958211.3,18460278223929.1,17608351728670.7
Union européenne                              ,EUU,16992731157960.8,18352575945225,17290202230513.3,18026765029423.7,18632310933193.8,16411316886280.5,16491323140209.5,17456746474686.7
États-Unis                                    ,USA,14964372000000,15517926000000,16155255000000,16691517000000,17427609000000,18120714000000,18624475000000,16785981142857.1
Zone euro                                     ,EMU,12645252803876.3,13623289142287.8,12639517467544.6,13190723018832.9,13476353552094.4,11662509275978.5,11935082324134.7,12738961083535.6
Asie de l’Est et Pacifique (hors revenu élevé),EAP,7879326684925.7,9631186869335.1,10744168691109.2,11860783587103,12754057710794.4,13268242307662.1,13512337831001.6,11378586240275.9
Asie de l’Est et Pacifique (BIRD et IDA)      ,TEA,7864008890290.7,9612569408675.6,10723388033068.1,11837903738760.8,12729502234335.3,13242748064718.2,13486394821836.6,11356645027383.6
de dividende précoce démographique            ,EAR,8514344430241.2,9565420059641.2,9974408126763.8,10160720420609.6,10529870016275.8,10194968540647.9,10401883574848.2,9905945024146.8
Chine                                         ,CHN,6100620488867.5,7572553836875.3,8560547314679.3,9607224481532.7,10482372109961.9,11064666282625.5,11199145157649.2,9226732810313.1
Amérique latine et Caraïbes                   ,LCN,5334533033072.8,6064277798886,6121691861723.8,6272303056924.4,6388905289727.1,5473910454068.1,5319553710283.6,5853596457812.3
"Revenu intermédiaire, tranche inférieure      ",LMC,4666986324866,5279429145928.5,5535327445130.8,5774458157744.9,6076543198047.1,6017050154953.5,6263273940740.8,5659009766773.1
Amérique latine et Caraïbes (BIRD et IDA)     ,TLA,5142114727040.2,5863590521693.2,5912820697142.4,6058596339699.1,6171392349446,5247799483621.6,5094164385266.6,5641496929129.9
Amérique latine et Caraïbes (hors revenu élevé,LAC,4923605261317.6,5605037810076.2,5639934948104.6,5771411525043,5905518272856.9,5012592560057.5,4853042525000.3,5387306128922.3
Japon                                         ,JPN,5700098114744.4,6157459594823.7,6203213121334.1,5155717056270.8,4850413536037.8,4394977752877.8,4949273341993.9,5344450359726.1
Europe et Asie centrale (BIRD et IDA)         ,TEC,3635513302315.7,4420592112570.7,4611295207484.8,4893444280674.7,4623921511711.8,3598463764358.5,3463188309734.5,4178059784121.5
Europe et Asie centrale (hors revenu élevé)   ,ECA,3156255418573.9,3891866999524.9,4111011203800.4,4369243129067.5,4078845602865.8,3121184116603.8,2991823901020.5,3674318624493.8
Allemagne                                     ,DEU,3417094562649,3757698281117.5,3543983909148,3752513503278.4,3890606893346.7,3375611100742.2,3477796274496.8,3602186360682.7
Afrique du Nord et Moyen-Orient               ,MEA,2767984243178.1,3282392899960.5,3529758430134.8,3524023587337.8,3563559183199.1,3147279271333.8,3144797691272.9,3279970758059.6
Royaume-Uni                                   ,GBR,2441173394729.6,2619700404733.4,2662085168498.9,2739818680930.2,3022827781881.4,2885570309160.9,2650850178102.1,2717432274005.2
France                                        ,FRA,2646837111794.8,2862680142625.1,2681416108537.4,2808511203185.4,2849305322684.8,2433562015516.2,2465453975282.2,2678252268518
Le monde arabe                                ,ARB,2109667954478.2,2501553648412.7,2741238538444.3,2839626635836.6,2906616435186.9,2563301730345,2504702625568.6,2595243938324.6
Asie du Sud (BIRD et IDA)                     ,TSA,2042141855806.9,2272006394117.5,2297909547839,2356877713449.6,2578257468202.7,2682804385971.4,2892480763179.4,2446068304080.9
Asie du Sud                                   ,SAS,2042141855806.9,2272006394117.5,2297909547839,2356877713449.6,2578257468202.7,2682804385971.4,2892480763179.4,2446068304080.9
Brésil                                        ,BRA,2208871646202.8,2616201578192.2,2465188674415,2472806919901.7,2455993200170,1803652649613.8,1796186586414.4,2259843036415.7
Italie                                        ,ITA,2125058244242.9,2276292404600.5,2072823157059.8,2130491320658.7,2151732868243.2,1832868490534.1,1859383610248.7,2064092870798.3
Inde                                          ,IND,1656617073124.2,1823049927771.5,1827637859135.7,1856722121394.5,2035393459979.5,2089865410867.8,2263792499341,1936154050230.6
IDA totale                                    ,IDA,1455098670264.5,1650223954885.2,1779308872517.8,1938399197564.1,2097243617523.6,2033848309854.6,2003333812206.7,1851065204973.8
Fédération de Russie                          ,RUS,1524916112078.9,2051661732059.8,2210256976945.4,2297128039058.2,2063662665171.9,1365864126832.8,1283162985989.3,1828093234019.5
Canada                                        ,CAN,1613464422811.1,1788647906047.8,1824288757447.6,1842628005830.2,1799268695861.8,1559623393038.7,1535767736946.2,1709098416854.8
Afrique subsaharienne                         ,SSF,1365815003522.1,1537231271077.7,1612110026186.5,1701181796301.6,1782182563931.2,1607610217940.6,1516062838346.9,1588884816758.1
Afrique subsaharienne (BIRD et IDA)           ,TSS,1365815003522.1,1537231271077.7,1612110026186.5,1701181796301.6,1782182563931.2,1607610217940.6,1516062838346.9,1588884816758.1
Afrique subsaharienne (hors revenu élevé)     ,SSA,1364845197859.5,1536165615273.1,1610975894780.5,1699770318368.7,1780759566584.8,1606172158206.2,1514634831685.1,1587617654679.7
Afrique du Nord et Moyen-Orient (hors revenu é,MNA,1383539623505.1,1568522348029.8,1681554531530.4,1591675173595.7,1591556264536.3,1441977380056.1,1453901029336.2,1530389478655.7
Afrique du Nord et Moyen-Orient (BIRD et IDA) ,TMN,1374620791146.3,1558059481133.1,1670273623778.6,1579070728219.4,1578695250599.1,1429091286052.1,1440244500023.1,1518579380136
Australie                                     ,AUS,1142876772659.2,1390557034408,1538194473087.2,1567178619062.3,1459597906912.7,1345383143356.4,1204616439828.4,1378343484187.7
Europe centrale et les pays baltes            ,CEB,1313815361437.8,1446816243113.6,1351348898291.2,1422300719641.1,1463247420087,1285642995485.8,1312191844364.8,1370766211774.5
Espagne                                       ,ESP,1431616749640.3,1488067258325.2,1336018949805.6,1361854206549.4,1376910811040.9,1197789902774.4,1237255019653.9,1347073271112.8
"Corée, République de                          ",KOR,1094499338702.7,1202463682633.9,1222807284485.3,1305604981271.9,1411333926201.2,1382764027113.8,1411245589976.6,1290102690055.1
de Pré-dividende démographique                ,PRE,1009752002887.6,1166443463427.9,1281751975521.1,1404595348815.4,1499437537960.9,1302496863669.8,1211259761328.5,1267962421944.5
Mexique                                       ,MEX,1051128603513.8,1171187519660.6,1186598324461.8,1261981728468.5,1298461494903.1,1152263780657.9,1046922702460.9,1166934879160.9
IDA seulement                                 ,IDX,742077497033,832107608674.4,877950691038.1,958701267481.9,1033280226515.8,1041444724186.2,1076464999014.3,937432430563.4
IDA mélange                                   ,IDB,707233865359.8,810782537391.5,891826340277.9,969503885737.2,1052620067829.9,984508326729.4,923606013414,905725862391.4
Indonésie                                     ,IDN,755094160363.1,892969107923.1,917869910105.7,912524136718,890814755233.2,861256351277.4,932259177765.3,880398228483.7
Turquie                                       ,TUR,771876791231.8,832546270783.8,873981786532.1,950595270314.3,934167809301.7,859794177118.1,863711710426.5,869524830815.5
Pays les moins avancés : classement de l’ONU  ,LDC,661934469924.9,752055991225.2,798195335662.7,868992808188.5,940795769559.6,928721627870.5,944119836916.9,842116548478.3
Pays-Bas                                      ,NLD,836389937229.2,893757287201.7,828946812396.8,866680000367.3,879635084125,757999453314.3,777227541581.3,834376588030.8
Fragile et les situations de conflit touchées ,FCS,643395162946.2,700475870800.1,756982984496.2,813701361842.2,854994413994,772083445028.8,748330117478.3,755709050940.8
Arabie saoudite                               ,SAU,528207200000,671238840106.7,735974843360,746647127413.3,756350347333.3,651757333333.3,646438380560,676659153158.1
Suisse                                        ,CHE,583782977866.4,699579638638.2,668043614122.9,688504173431.5,709182559935.3,679289166858.2,668851296244.2,671033346728.1
Pays pauvres très endettés (PPTE)             ,HPC,467851910946.9,522235870419.3,562429100211.7,612937628257,650278771873,640485733013,651762255995.5,586854467245.2
Suède                                         ,SWE,488377689564.9,563109663291.2,543880647757.4,578742001487.6,573817719109.4,497918109302.4,514459972806.2,537186543331.3
Argentine                                     ,ARG,423627422092.5,530163281574.7,545982375701.1,552025140252.2,526319673731.6,584711485367.3,545476103427.2,529757926021
Pologne                                       ,POL,479257883741.8,528725113045.8,500284003684.4,524201151607.2,545075908846,477279647754.7,471364408714,503741159627.7
Belgique                                      ,BEL,483548031197.1,527008453886.9,497884216568.9,520925468952.9,531075861047.3,455200045095.6,467955709817.5,497656826652.3
"Iran, République islamique d’                 ",IRN,487069570463.8,583500357530.4,598853401276.1,467414852231.3,434474616831.9,385874474398.6,418976679728.6,482309136065.8
Petits états                                  ,SST,388191802898.4,469661737452.9,492155002499.2,510737918777.7,525015565705.9,448220028016.6,438060800923.9,467434693753.5
Norvège                                       ,NOR,429130952709.2,498831558925.9,510229136226.9,523502127659.6,499338534779.2,386663139402.7,371075238095.2,459824383971.2
Nigéria                                       ,NGA,369062464570.4,411743801711.6,460953836444.4,514966287206.5,568498937588,481066152889.1,404652720164.9,458706314367.8
Autriche                                      ,AUT,391892746544.7,431120310088.8,409425234155.3,430068712971.9,441885415805.8,382065930308,390799991147.5,411036905860.3
Thaïlande                                     ,THA,341105009515.3,370818747396.8,397559992407.5,420528737876.7,406521561093.4,399234547137.5,407026127310.4,391827817533.9
Autres petits états                           ,OSS,320841695174.7,395875134670.2,413396614935.7,431077052233.1,444853483206.8,370106880879,362336673538.6,391212504948.3
Faible revenu                                 ,LIC,292339724487.4,328781234808.1,353927683498.5,385658435886.5,414559864225.3,404254170008.4,406240884232.7,369394571021
Afrique du Sud                                ,ZAF,375298134440.5,416878162440.9,396332598448.2,366810014300.2,351119102947.1,317610719411.5,295456189492,359929274497.2
Émirats arabes unis                           ,ARE,289880430197.4,350908390034,374817974104.8,390427289203.5,403197682886.3,357949199754.9,348743265704.6,359417747412.2
Colombie                                      ,COL,287018179193.9,335415162155.6,369659697842.9,380191876348.9,378195707612.4,291519596338.7,282462551366.9,332066110122.8
Danemark                                      ,DNK,321995350346.5,344003209695.6,327148899962.1,343584385594.1,352993633221.3,301298464861.4,306899653409.6,328274799584.4
Malaisie                                      ,MYS,255016609232.9,297951960784.3,314443149443.1,323277158907,338061963396.4,296434003328.6,296535930381.1,303102967924.8
Singapour                                     ,SGP,236421782178.2,275599459373.5,289162118908.5,302510668904.3,308142766948.1,296840704102.4,296975678610.2,286521882717.9
"Égypte, République arabe d’                   ",EGY,218888324504.8,236001858960,279372758361.8,288586231501.9,305529656458.4,332698041030.8,332791045963.8,284838273825.9
Israël                                        ,ISR,233609522091.5,261628548084.2,257296579579.3,292489185194.4,308416982140.4,299096404728.8,317744784695.1,281468858073.4
"Chine, RAS de Hong Kong                       ",HKG,228637697575,248513617677.3,262629441493.5,275696879835,291459356985.3,309403880389.1,320910168377.9,276750148904.7
Philippines                                   ,PHL,199590775190.3,224143083706.8,250092093547.5,271836123723.7,284584522898.9,292774099013.7,304905406845.3,261132300703.7
Finlande                                      ,FIN,247799815768.5,273674236772.8,256706466091.1,269980111642.9,272609288689.6,232464833065.6,238677672281.6,255987489187.4
Irlande                                       ,IRL,221951354761.5,239018536581.7,225571853194.3,239389340720.5,258099014042.1,290617008367.6,304819018067.1,254209446533.5
Chili                                         ,CHL,218537551220.1,252251992029.4,267122320056.7,278384332694.3,260990299051.1,242517905161.7,247027912574.4,252404616112.5
Grèce                                         ,GRC,299361576558.2,287797822093.2,245670666639,239862011450.1,237029579260.7,195541761243.1,192690813126.9,242564890053
Pakistan                                      ,PAK,177406854514.9,213587413184,224383620829.6,231218567179,244360888750.8,270556126820.1,278913371202.1,234346691782.9
Portugal                                      ,PRT,238303443425.2,244895101712.5,216368178659.4,226073492966.5,229629822121.6,199420256049.7,205184480409,222839253620.6
République tchèque                            ,CZE,207477857918.9,227948349666.4,207376427020.8,209402444996.1,207818330723.8,186829940545.8,195305084919.1,206022633684.4
Iraq                                          ,IRQ,138516722649.6,185749664444.4,218000986222.6,234648370497.4,234648370497.4,179640210726.4,171489001692,194670475247.1
Kazakhstan                                    ,KAZ,148047348240.6,192626507971.6,207998568865.8,236634552078.1,221415572819.5,184388432148.7,137278320084.2,189769900315.5
Algérie                                       ,DZA,161207268655.4,200019057307.7,209058991952.1,209755003250.7,213810022462.4,165874330876.3,159049096745.2,188396253035.7
Pérou                                         ,PER,147528937028.8,171761737046.6,192648999090.1,201217661645.5,201049665375.1,189212096470.3,192207342004.7,185089491237.3
Roumanie                                      ,ROU,167998080493.4,185362855081,171664638717.5,191549024910.6,199493490982.9,177911101680.1,187592037840,183081604243.6
Nouvelle-Zélande                              ,NZL,146580949348.9,168461998741.3,176192886551.4,190521962266.5,200697950944.3,175564427552.8,184970675762.7,177570121595.4
Qatar                                         ,QAT,125122306346.2,167775274725.3,186833516483.5,198727747252.7,206224725274.7,164641483516.5,152451923076.9,171682425239.4
Viet Nam                                      ,VNM,115931749697.2,135539438559.7,155820001920.5,171222025117.4,186204652922.3,193241108709.5,205276172134.9,166176449865.9
Bangladesh                                    ,BGD,115279077465.2,128637938711.4,133355749482.5,149990451022.3,172885454931.5,195078665827.6,221415162445.6,159520357126.6
Koweït                                        ,KWT,115419050942.1,154027536231.9,174070025008.9,174161495063.5,162631763879.1,114567298105.7,110875579086.7,143678964045.4
Ukraine                                       ,UKR,136013155905,163159671670.3,175781379051.4,183310146378.1,133503411375.7,91030959454.7,93270479388.5,139438457603.4
Hongrie                                       ,HUN,130922638689.1,140782064609.2,127856647107.8,135215704419,140118140454.7,122879042001.9,125816640420.6,131941553957.5
Angola                                        ,AGO,82470913120.7,104115923082.7,115398371427.7,124912063308.2,126776874216.7,102962245246.7,95335111741.2,107424500306.3
Maroc                                         ,MAR,93216746661.6,101370474295.1,98266306615.4,106825649872.1,110081248587.4,101187079462.9,103606321692.6,102079118169.6
Porto Rico                                    ,PRI,98381268000,100351670000,101564800000,102450000000,102445800000,103143500000,105034500000,101910219714.3
République slovaque                           ,SVK,89501012915.7,98181259740.1,93413992955.9,98478349315.3,100948236941.2,87501423882.5,89768598023.4,93970410539.2
Équateur                                      ,ECU,69555367000,79276664000,87924544000,95129659000,101726331000,99290381000,98613972000,90216702571.4
Soudan                                        ,SDN,65634109236.8,67327289319.7,68125631150.3,72065940085.8,82151588418.8,97156119150,95584380032.2,78292151056.2
Sri Lanka                                     ,LKA,56725745039.3,65292741296.5,68434399083.4,74317806754.5,79356456990.3,80611989527.2,81321876307.3,72294430714.1
Oman                                          ,OMN,58641621846.6,67937307412.2,76689583355,78938585175.6,81034395058.5,69831770871.3,66293368010.4,71338090247.1
Petits états des Caraïbes                     ,CSS,60945499584.3,66197591876.8,70647852492.6,71284814648,71392784816.9,69516216247,66707362091.4,68098874536.7
Bélarus                                       ,BLR,57222490768.7,61757788944.7,65685102554.9,75527984234.2,78813839984.4,56454734396.6,47407217531.2,63267022630.7
République dominicaine                        ,DOM,53954579003.5,57746684847.1,60613645121.4,61965942056.7,65231032303.2,68102618092.1,71583553487.6,62742579273.1
Azerbaïdjan                                   ,AZE,52902703376.1,65951627200.2,69684317718.9,74164435946.5,75244166772.9,53074370486,37847715736,61267048176.7
Myanmar                                       ,MMR,49540813342.5,59977326086,59937797559.3,60269734044.5,65446402659.2,59687373958.3,63225097051.3,59726363528.7
Luxembourg                                    ,LUX,53212476812.3,60004630234.4,56677961787.1,61739352212.3,66327344188.9,57784495265.4,58631324559.4,59196797865.7
Croatie                                       ,HRV,59665427464.5,62236751773,56485301967.4,57769872074.9,57080369367.8,48921877447.8,50714957390.5,56124936783.7
Ouzbékistan                                   ,UZB,39332770928.9,45915191189.3,51821573338.1,57690453460.6,63067077178.5,66903804142.5,67220335569.6,55993029401.1
Guatemala                                     ,GTM,41338595380.8,47654841112.9,50388454861.1,53851058955.3,58722323918.2,63767597193.9,68763255963.9,54926589626.6
Kenya                                         ,KEN,39999659233.8,41953433591.4,50412754822,55097343447.6,61445345999.1,63767539356.6,70529014778.3,54743584461.2
Bulgarie                                      ,BGR,50610031135.8,57418391041.6,53903028252.3,55758744571.1,56732006512,50199117547,53237882472.7,53979885933.2
Uruguay                                       ,URY,40284481661.9,47962439293.4,51264390121.4,57531233350.9,57236013077.5,53274304214.8,52419720713.7,51424654633.4
Éthiopie                                      ,ETH,29933790334.3,31952763089.3,43310721414.1,47648211133.2,55612228233.5,64464547915.3,72374224249.4,49328069481.3
Costa Rica                                    ,CRI,37268635287.1,42262697840.4,46473128285.6,49745088111.7,50656002895.9,54840103850.3,57435507212.3,48383023354.7
Slovénie                                      ,SVN,48013606745.5,51290792018.1,46352802765.6,48116256926.1,49904928335.3,43072415017.4,44708598648.9,47351342922.4
Liban                                         ,LBN,38419626628.2,40075674163.3,43868565281.7,46014226807.6,47833413749.1,49459296463.3,49598825982.2,45038518439.3
Tunisie                                       ,TUN,44050929160.3,45810626509.4,45044112939.4,46251061734.5,47587913058.8,43156708809.1,42062549394.8,44851985943.8
"Région administrative spéciale de Macao, Chine",MAC,28123640998.7,36709860068.3,43031577366.4,51552075901.5,55347998647.8,45361678146.5,45310877912.7,43633958434.6
Panama                                        ,PAN,28917200000,34373820500,39954761200,44856189500,49165773100,52132289700,55187700000,43512533428.6
Lituanie                                      ,LTU,37120517693.9,43476873412.8,42848195256.2,46417340374.5,48516371720.8,41508609232.8,42773029835.3,43237276789.5
Serbie                                        ,SRB,39460357730.5,46466728666.6,40742313861.1,45519650911.4,44210806365.7,37160332465.2,38299854688.1,41694292098.4
Tanzanie                                      ,TZA,31407908612.1,33878631649.4,39087748240.4,44333456244.7,48197218326.8,45628320606,47340071107.3,41410479255.3
Ghana                                         ,GHA,32174772956,39566292432.9,41939728978.7,47805069494.9,38616536131.6,37543361203.6,42689783733.9,40047934990.2
"Yémen, Rép. du                                ",YEM,30906749533.2,32726417878.4,35393148127.3,40415233436.2,43228583935,37733919936.2,27317605346.1,35388808313.2
Turkménistan                                  ,TKM,22583157894.7,29233333333.3,35164210526.3,39197543859.6,43524210526.3,35799628571.4,36179885714.3,34525995775.2
Jordanie                                      ,JOR,26425379436.6,28840263380.3,30937277605.6,33593843662,35826925774.6,37517410281.7,38654727746.5,33113689698.2
Cameroun                                      ,CMR,26143818509.6,29337006833.1,29104437355,32348149947.4,34942948737.4,30916218544.4,32217497470.5,30715725342.5
Bahreïn                                       ,BHR,25713271276.6,28776595744.7,30749308510.6,32539547872.3,33387712766,31125851063.8,32179069148.9,30638765197.6
"Congo, République démocratique du             ",COD,20523285374.2,23849009737.7,27463220380,32671683662.2,35917650629.6,37917704900.1,35381784773.8,30532048494
Côte d'Ivoire                                 ,CIV,24884505034.6,25381616734.1,27040562587.2,31273049200.2,35372603446.3,33145096414.1,36372613022.9,30495720919.9
Bolivie                                       ,BOL,19649631308.2,23963033443.9,27084497539.8,30659338929.1,32996187988.4,33000198263.4,33806395513.7,28737040426.6
Lettonie                                      ,LVA,23757368290.1,28223552824.8,28119996053.3,30254677296.9,31335013751.5,26972863393.6,27572698481.9,28033738584.6
Paraguay                                      ,PRY,20030528042.9,25099681460.9,24595319573.8,28965906502.2,30881166852.3,27282581335.8,27424071382.7,26325607878.7
Trinité-et-Tobago                             ,TTO,22157948396.2,25433011405.3,25694164489.2,26436159314.6,26175952941.9,23559224762.4,21894706041.2,24478738193
El Salvador                                   ,SLV,21418330000,23139040000,23813600000,24350930000,25054230000,26052340000,26797470000,24375134285.7
Zambie                                        ,ZMB,20265556273.6,23460098339.7,25503370699.2,28045460442.2,27150630607.2,21154394545.9,21063989682.5,23806214370
Ouganda                                       ,UGA,20186496527.1,20176751242.1,23132149257,24599553471.9,27295207927.6,27059447774.7,24078931933.5,23789791162
Chypre                                        ,CYP,25562251655.6,27427161523.5,25041372221.5,24084572490.7,23359294148.9,19676167239.7,20047013274.3,23599690364.9
Estonie                                       ,EST,19490936349.2,23170239900.8,23043864510.1,25137153149.4,26224622450.8,22566956982.2,23337907618.5,23281668708.7
Papouasie-Nouvelle-Guinée                     ,PNG,14250726289.9,17984816533.1,21295834133.2,21261305413.2,23003575201.1,21060901603.8,20213214171.7,19867196192.3
Népal                                         ,NPL,16002656434.5,18913574370.8,18851513891.1,19271168018.5,20002968837.9,21410840908.5,21131983246.2,19369243672.5
Afghanistan                                   ,AFG,15936800636.2,17930239399.8,20536542736.7,20264253974.1,20616104297.7,19215562179,19469022207.6,19138360775.9
Honduras                                      ,HND,15839344592,17710315006,18528506894.1,18496438641.5,19756494434.7,20844284855,21516938909.6,18956046190.4
Guinée équatoriale                            ,GNQ,16298542028,21329395900.9,22389627294.4,21942597765.4,21736500713,12597210657.5,10684804794,18139811307.6
Bosnie-Herzégovine                            ,BIH,17176781336.8,18644723861,17226849297.1,18178503835.4,18558343508.3,16209702863.6,16910277133.6,17557883119.4
Gabon                                         ,GAB,14358585195.8,18186479172.8,17171446922.2,17590745688.6,18179717776.2,14262032470.9,14213558130.2,16280366479.5
Islande                                       ,ISL,13310567802.9,14732689534.6,14292008745.4,15548321544.4,17304033020.5,16942247374,20304098101.4,16061995160.5
Brunéi Darussalam                             ,BRN,13707370737.1,18525319977.7,19048495518.6,18093829923.3,17098342541.4,12930394937.8,11400653732,15829201052.6
Cambodge                                      ,KHM,11242275199,12829541141,14038383450.2,15449630418.5,16777820332.7,18049954289.4,20016747754,15486336083.6
Botswana                                      ,BWA,12786654365.9,15682926896,14686278707.5,14915780538.7,16259445052.6,14430573505.4,15581137273.8,14906113762.8
Géorgie                                       ,GEO,11638536834.4,14434619982.2,15846474595.8,16140047012.1,16509305827.7,13993546732.5,14378016729.2,14705792530.6
Zimbabwe                                      ,ZWE,10141859709.6,12098450748.9,14242490252.4,15451768658.5,15891049236,16304667807.1,16619960401.9,14392892402.1
Sénégal                                       ,SEN,12948906288.6,14390776644,14225310518.8,14851057084.8,15304363138.2,13640668374.2,14683697630.9,14292111382.8
Jamaïque                                      ,JAM,13191645685.5,14439910353.1,14800165406.8,14274983015.9,13897723431.4,14186886642.7,14056908749.4,14121174755
Mozambique                                    ,MOZ,10154238250.2,13131168011.8,14534278446.3,16018848990.7,16961127045.8,14798439527.3,11014858591.8,13801851266.3
Mali                                          ,MLI,10678749467.5,12978107560.6,12442747897.2,13246412031.4,14388360064.1,13100058099.8,14034980333.7,12981345064.9
Albanie                                       ,ALB,11926953258.9,12890867538.5,12319784787.3,12776277515.5,13228244357.2,11335264966.6,11863865978.1,12334465486
"Congo, République du                          ",COG,12007880438.6,14425607179.7,13677930123.6,14085851348.1,14177437982.3,8553154580.4,7833508879,12108767218.8
Namibie                                       ,NAM,11282192605,12409629835.7,13016272898.9,12717790500.6,12786078003.6,11571141027,10947880690.5,12104426508.8
Tchad                                         ,TCD,10657705536.5,12156380425.1,12368071038.7,12949854262.8,13922223233.5,10888798113.8,9600761473.8,11791970583.5
Maurice                                       ,MUS,10003670690.3,11518393367.2,11668685524.1,12129642296.4,12803445933.6,11692287066.4,12168437744.3,11712080374.6
Cisjordanie et Gaza                           ,PSE,8913100000,10465400000,11279400000,12476000000,12715600000,12673000000,13397100000,11702800000
République démocratique populaire lao         ,LAO,7127792629.6,8749241114.2,10191350119.7,11942230508.3,13268458231.9,14390391264.3,15805707154.2,11639310146
Nicaragua                                     ,NIC,8758622328.7,9774316692.2,10532001129.7,10982972256.4,11880438824.4,12747741539.7,13230844686.9,11129562494
Mongolie                                      ,MNG,7189481824.1,10409797649.3,12292770631.2,12582122604.2,12226514722.1,11749620619.6,11183458130.8,11090538025.9
Burkina Faso                                  ,BFA,8979966766.1,10724063457.8,11166063466.6,11947176342,12377391462.6,10419303761.4,11693235542.1,11043885828.4
Arménie                                       ,ARM,9260284937.8,10142111334.5,10619320048.6,11121465767.4,11609512939.8,10553337673,10572298341.6,10554047291.8
"Macédoine, ex-République yougoslave de        ",MKD,9407168702.4,10494632699.4,9745251126,10817712138.9,11362272837.9,10051659161.2,10899583154.6,10396897117.2
Bahamas                                       ,BHS,7910000000,7890000000,10720500000,10677200000,10843800000,11240000000,11261800000,10077614285.7
Malte                                         ,MLT,8741059602.6,9504797627.4,9203729739.4,10145944323.7,11217780149.3,10285547954.1,10999047580.4,10013986711
Madagascar                                    ,MDG,8729936135.7,9892702357.6,9919780071.3,10601690871.8,10673516672.7,9744243420.5,10001193420.2,9937580421.4
Bénin                                         ,BEN,6970240895.5,7814081155.6,8152554487.3,9156748441.4,9707432015.6,8290986804.5,8583031398.2,8382153599.7
Petits états insulaires du Pacifique          ,PSS,6404608139.4,7589010905.9,8110535070.8,8376051896.6,8769297682.3,8596930890.7,9019651488.3,8123726582
Haïti                                         ,HTI,6622541528.6,7516834160.3,7890216507.7,8452509315.9,8776360623.3,8724656126.5,8022638721.9,8000822426.3
Guinée                                        ,GIN,6861546075.8,6785188889.1,7387103675.3,8376667793.3,8791353804.8,8767143622.8,8200248003,7881321694.9
Tadjikistan                                   ,TJK,5642178579.6,6522732202.5,7633049792.1,8506674782.8,9236309138,7853450374,6951657158.9,7478007432.6
Rwanda                                        ,RWA,5774003744.3,6491683831.5,7315702176.4,7622526429.1,8016288347,8261034257.6,8376048904.6,7408183955.8
Niger                                         ,NER,5718589799.2,6409169889.5,6942209594.6,7667951987.7,8229730066.6,7217666360.7,7528387858.3,7101957936.7
Moldova                                       ,MDA,5811604052,7015206498.2,7284686576.3,7985349731.5,7983271110.6,6512899540.3,6749515654.6,7048933309.1
Kosovo                                        ,XKX,5829933774.8,6649291075.9,6473724784.8,7072092405.7,7386891336.1,6440501275.4,6649888888.9,6643189077.4
République kirghize                           ,KGZ,4794357795.1,6197766118.6,6605139933.4,7335027591.9,7468096566.7,6678178340.5,6551287937.6,6518550612
Malawi                                        ,MWI,6959697194,8003300198.3,6028470988.5,5518901971.4,6054750320.3,6373201160,5433038646.5,6338765782.7
Guam                                          ,GUM,4895000000,4928000000,5199000000,5337000000,5531000000,5697000000,5793000000,5340000000
Mauritanie                                    ,MRT,4343665075.4,5179690135.8,5225533499.8,5724227185.2,5391475277.2,4844223107,4739298730.3,5064016144.4
Suriname                                      ,SUR,4368398047.6,4422276621.8,4980000000,5145757575.8,5240606060.6,4826587057.7,3278425328.3,4608864384.5
Barbade                                       ,BRB,4461650000,4660900000,4656350000,4612500000,4608350000,4584150000,4529050000,4587564285.7
Swaziland                                     ,SWZ,4438778424.3,4820499924.3,4823831656.5,4560713073.9,4377293816.3,4020275298,3720649374.6,4394577366.8
Monténégro                                    ,MNE,4139192053,4538198498.7,4087724527.8,4464260488.6,4587928884.2,4052913385.8,4374127212.4,4320620721.5
Fidji                                         ,FJI,3140508835.9,3774530615.7,3972012570.5,4190143206.3,4469573275.4,4391113415.3,4703632978.5,4091644985.4
Togo                                          ,TGO,3172945644.6,3756023160,3866617462.6,4080929201.3,4482880424.3,4087628276,4399995986.6,3978145736.5
Sierra Leone                                  ,SLE,2616610911.1,2942546781,3801862611.4,4920343195,5015180976.6,4251869869.5,3736588553.6,3897857556.9
Maldives                                      ,MDV,2588176058.4,2774351757.8,2886170570.5,3295011380.8,3697351594.2,4006531188.3,4224209599.2,3353114592.7
Andorre                                       ,AND,3355695364.2,3442062830.1,3164615186.9,3281585236.3,3350736367.3,2811489408.9,2858517699.1,3180671727.6
Guyane                                        ,GUY,2273225042,2576024115.6,2861562265.9,2987684170.2,3077643313.7,3197225181.6,3502397094.4,2925108740.5
Burundi                                       ,BDI,2026864469.4,2355652125.9,2472384907,2714505634.5,3093647226.8,3066681386.7,3007029030.4,2676680683
Lesotho                                       ,LSO,2385950663.8,2788022889.1,2678494689.4,2526009072.9,2614566292.3,2505886024.7,2291321667.5,2541464471.4
Bhoutan                                       ,BTN,1585472534.1,1820207625.8,1823692109.6,1798333725.8,1944782820.9,2059258652.9,2212638830.4,1892055185.7
République centrafricaine                     ,CAF,1986014845.6,2212699746.8,2184183758.3,1518565219,1702898939.6,1583776760,1756124677.2,1849180563.8
Saint-Marin                                   ,SMR,2139072847.7,2054489852.7,1800077091.1,1865374402.5,1845561894.7,1569258068.1,1590707964.6,1837791731.6
Libéria                                       ,LBR,1292697100,1545400000,1735500000,1946500000,2013000000,2034000000,2101000000,1809728157.1
Cabo Verde                                    ,CPV,1664310769.6,1864824080.7,1751888561.7,1850951315.5,1858121723.2,1574288667.7,1617467435.8,1740264650.6
Belize                                        ,BLZ,1397113450,1486712300,1573618750,1613705850,1706497950,1742545900,1741100000,1608756314.3
Sainte-Lucie                                  ,LCA,1381968259.3,1437684814.8,1436803333.3,1489928888.9,1551921037,1649142629.6,1667078703.7,1516361095.2
Timor-Leste                                   ,TLS,894400000,1053500000,1188900000,1410000000,1450600000,1606500000,1782974000,1340982000
Seychelles                                    ,SYC,969936525.3,1065826669.9,1134267367.2,1411061260.7,1422530791.6,1437722206.4,1427323889.1,1266952672.9
Antigua-et-Barbuda                            ,ATG,1152469074.1,1142042925.9,1211411703.7,1192925407.4,1280133333.3,1364863037,1460144703.7,1257712883.6
Guinée-Bissau                                 ,GNB,850633309.8,1099385895.1,989875559.1,1046117071,1055186196.3,1036130506.5,1164944509.9,1034610435.4
Îles Salomon                                  ,SLB,671585343.2,886498370.7,1025125081.6,1059695156.2,1156563122.9,1129164718.8,1202125000,1018679541.9
Gambie                                        ,GMB,951804226.8,898283478.4,910026286.7,898957683.5,833240809.4,907652509.5,964599178.1,909223453.2
Grenade                                       ,GRD,771015888.9,778648666.7,799882148.1,842620111.1,911481481.5,997007925.9,1056188592.6,879549259.3
Mariannes                                     ,MNP,799000000,733000000,751000000,784000000,845000000,933000000,1242000000,869571428.6
Saint-Kitts-et-Nevis                          ,KNA,705015370.4,753225963,734462666.7,788163888.9,847778185.2,878281507.8,909854619.5,802397457.3
Vanuatu                                       ,VUT,700804286.2,792149700.7,781702874.1,801787555.9,814954307,742432131,773502895.9,772476250.1
Samoa                                         ,WSM,643046733.4,739785121.9,801168622.3,804808525.5,803589511.8,803985809.2,786356314.8,768962948.4
Saint-Vincent-et-les Grenadines               ,VCT,681225963,676129407.4,692933740.7,721207148.1,727230734.8,755205755.9,768224226.7,717450996.7
Samoa américaines                             ,ASM,576000000,574000000,644000000,641000000,643000000,659000000,658000000,627857142.9
Comores                                       ,COM,530493353.2,586281766.8,570865941.2,618663921.9,647720707.1,565689764.6,616654490.4,590909992.2
Dominique                                     ,DMA,493824407.4,501025303.3,485997988.1,501979277,523666347.4,535095846.3,581484031.9,517581885.9
Tonga                                         ,TON,369485198.8,423011844.3,472358251.2,450686353.7,443911052.3,435438217.3,401562006.2,428064703.4
"Micronésie, États fédérés de                  ",FSM,296525300,310502100,326128700,316040600,317999400,315179700,329895600,316038771.4
Sao Tomé-et-Principe                          ,STP,197454053.1,233213522.6,252560557.1,302925489.7,348899846.1,315880811.1,342781715.5,284816570.8
Palaos                                        ,PLW,183335100,200066900,215095100,228012200,246436300,297645400,310248300,240119900
Îles Marshall                                 ,MHL,164969100,173260300,185210500,190800800,183121300,179697900,194497900,181651114.3
Kiribati                                      ,KIR,153275912.7,177142135.1,188045661.6,187153601.1,178869341.2,169140538.7,181551484.9,176454096.5
Nauru                                         ,NRU,49248810.6,72751801,103811958.8,108601538.5,117020381.9,100459782.6,102060129.6,93422057.6
Tuvalu                                        ,TUV,31823518.6,39312016.5,39875750.7,38322359.5,37259689.9,32673277.7,34218878.4,36212213.1
