<Schema name="sakila">
  <Dimension type="StandardDimension" visible="true" highCardinality="false" name="dim_store">
    <Hierarchy name="store" visible="true" hasAll="true" allMemberName="tsstore" primaryKey="store_key">
      <Table name="dim_store">
      </Table>
      <Level name="storeKey" visible="true" column="store_key" type="String" uniqueMembers="false" levelType="Regular" hideMemberIf="Never">
      </Level>
    </Hierarchy>
  </Dimension>
  <Dimension type="StandardDimension" visible="true" highCardinality="false" name="dim_customer">
    <Hierarchy name="customer" visible="true" hasAll="true" primaryKey="customer_key">
      <Table name="dim_customer">
      </Table>
      <Level name="lastName" visible="true" column="customer_last_name" type="String" uniqueMembers="false" levelType="Regular" hideMemberIf="Never">
      </Level>
    </Hierarchy>
  </Dimension>
  <Cube name="sakilaTest2" visible="true" cache="true" enabled="true">
    <Table name="fact_rental">
    </Table>
    <DimensionUsage source="dim_store" name="dim_store" visible="true" foreignKey="store_key">
    </DimensionUsage>
    <DimensionUsage source="dim_customer" name="dim_customer" visible="true" foreignKey="customer_key">
    </DimensionUsage>
    <Measure name="dureeLoc" column="rental_duration" datatype="Numeric" aggregator="sum" visible="true">
    </Measure>
  </Cube>
</Schema>
